first_name,last_name,email,username,password,favorite_plant
Abdel,Kleeborn,akleeborn0@jalbum.net,akleeborn0,KP0keNDBeuxk,Ridgetop Tetramolopium
Roderick,Woolveridge,rwoolveridge1@surveymonkey.com,rwoolveridge1,B95k2TVUjB,Thieret's Skullcap
Emile,Ciottoi,eciottoi2@google.com.hk,eciottoi2,TxiVhVI,Eastern Hemlockparsley
Rayner,Melluish,rmelluish3@hubpages.com,rmelluish3,s5agJVeQAB2D,Umbrella Starwort
Dunn,Rubens,drubens4@adobe.com,drubens4,yyaFW4S,Hybrid Oak
Ebonee,Choke,echoke5@mayoclinic.com,echoke5,qWoqJE,Rim Lichen
Derick,Fitchet,dfitchet6@sbwire.com,dfitchet6,6E8LQ5fFU,Arizona Lipfern
Stefanie,Izkovitz,sizkovitz7@sphinn.com,sizkovitz7,gFVPsR,Hawkweed Oxtongue
Pauly,Cassel,pcassel8@archive.org,pcassel8,4Y6B9DYYR,Pringle's Lipfern
Gennifer,Arends,garends9@trellian.com,garends9,a4AxryoFKO,Pitcherplant
Mabel,Gaskarth,mgaskartha@privacy.gov.au,mgaskartha,O49LP58ukpF,Rusby's Chinchweed
Gustavus,Coltart,gcoltartb@yandex.ru,gcoltartb,jsSJ3SNZOUw,Appalachian Rosinweed
Eberto,Pardie,epardiec@ovh.net,epardiec,bjNI4Gnfk,Dense Logwood
Ravi,Blumson,rblumsond@whitehouse.gov,rblumsond,uBGpMKikthun,Tailed Strapfern
Julius,O'Duilleain,joduilleaine@myspace.com,joduilleaine,dITd3k5h0Bw,Whorled Sunflower
Isahella,Dilkes,idilkesf@cnbc.com,idilkesf,1DhYGk,Medinilla
Elisabeth,Ruggs,eruggsg@businesswire.com,eruggsg,FfKxaklT5,Desert Twinbugs
Claiborne,Owens,cowensh@tuttocitta.it,cowensh,NlfVyw,Candle Snuffer Moss
Cari,Oxburgh,coxburghi@zdnet.com,coxburghi,HnKux41,West Humboldt Buckwheat
Carrie,Hawkslee,chawksleej@arstechnica.com,chawksleej,4EEfI1Vhl,Papershell Pinyon

Zach,Estes,zach@zach.com,plantsmakemesneeze,chester,Sunflower
Jack,Chestes,jack@chestes.com,chester12,chuck,Corn
ZAch,estes,jksbv,sjdbnvbn,sdklvn,jkensgvn
